{
  "name": "jquery.serializeJSON",
  "main": "jquery.serializejson.js",
  "version": "2.7.2",
  "description": "jQuery or Zepto plugin to serialize a form into a JavaScript Object, using the same format as the default Ruby on Rails request params",
  "homepage": "https://github.com/marioizquierdo/jquery.serializeJSON",
  "authors": [
    "Mario Izquierdo <tothemario@gmail.com>"
  ],
  "keywords": [
    "form",
    "serialize",
    "json",
    "helper",
    "jquery"
  ],
  "license": "MIT",
  "ignore": [
    "**/.*",
    "node_modules",
    "bower_components",
    "test",
    "tests"
  ],
  "dependencies": {
    "jquery": "*"
  },
  "devDependencies": {
    "jasmine": "2.0.0"
  },
  "_release": "2.7.2",
  "_resolution": {
    "type": "version",
    "tag": "2.7.2",
    "commit": "04537eda22443c3c21e4552aeb957d9df496a527"
  },
  "_source": "git@github.com:marioizquierdo/jquery.serializeJSON.git",
  "_target": "*",
  "_originalSource": "git@github.com:marioizquierdo/jquery.serializeJSON.git"
}